,url
0,//upload.wikimedia.org/wikipedia/commons/thumb/2/24/Cameo_Kirby_lobby_card.jpg/220px-Cameo_Kirby_lobby_card.jpg
1,//upload.wikimedia.org/wikipedia/en/thumb/0/0f/College_Lovers_1930_Poster.jpg/220px-College_Lovers_1930_Poster.jpg
2,//upload.wikimedia.org/wikipedia/en/thumb/4/4e/Kismet1930.jpg/220px-Kismet1930.jpg
3,//upload.wikimedia.org/wikipedia/en/thumb/6/61/One_Mad_Kiss.jpg/220px-One_Mad_Kiss.jpg
4,//upload.wikimedia.org/wikipedia/en/thumb/0/05/SongoftheFlame1922.jpg/220px-SongoftheFlame1922.jpg
5,//upload.wikimedia.org/wikipedia/commons/thumb/f/f5/Alam_Ara_poster%2C_1931.jpg/220px-Alam_Ara_poster%2C_1931.jpg
6,//upload.wikimedia.org/wikipedia/commons/thumb/b/ba/Kalidas_1931_Songbook.JPG/220px-Kalidas_1931_Songbook.JPG
7,//upload.wikimedia.org/wikipedia/en/thumb/a/ab/Two_Crowded_Hours.jpg/220px-Two_Crowded_Hours.jpg
8,//upload.wikimedia.org/wikipedia/en/thumb/f/f5/Men_of_Tomorrow.jpg/220px-Men_of_Tomorrow.jpg
9,//upload.wikimedia.org/wikipedia/en/thumb/3/30/The_Night_of_Decision_%281931_film%29.jpg/220px-The_Night_of_Decision_%281931_film%29.jpg
10,//upload.wikimedia.org/wikipedia/en/thumb/f/f5/%22Missing_Rembrandt%22_%281932%29.jpg/220px-%22Missing_Rembrandt%22_%281932%29.jpg
11,//upload.wikimedia.org/wikipedia/commons/thumb/1/19/Chikara_to_Onna_no_Yo_no_Naka_screenshot.jpg/220px-Chikara_to_Onna_no_Yo_no_Naka_screenshot.jpg
12,//upload.wikimedia.org/wikipedia/commons/thumb/7/7f/The_Big_Brain_poster.jpg/220px-The_Big_Brain_poster.jpg
13,//upload.wikimedia.org/wikipedia/en/thumb/5/5a/Convention_City_FilmPoster.jpeg/220px-Convention_City_FilmPoster.jpeg
14,//upload.wikimedia.org/wikipedia/en/thumb/1/16/Racetrack_%281933_film%29.jpg/220px-Racetrack_%281933_film%29.jpg
15,//upload.wikimedia.org/wikipedia/commons/thumb/c/cf/Waseikingkong.jpg/220px-Waseikingkong.jpg
16,//upload.wikimedia.org/wikipedia/en/thumb/d/d7/Jailbirds_of_Paradise.jpg/220px-Jailbirds_of_Paradise.jpg
17,//upload.wikimedia.org/wikipedia/en/thumb/7/79/A_still_of_Murder_at_Monte_Carlo.jpg/220px-A_still_of_Murder_at_Monte_Carlo.jpg
18,//upload.wikimedia.org/wikipedia/commons/thumb/4/49/Ragazzo1934_fabbrica.jpg/220px-Ragazzo1934_fabbrica.jpg
19,//upload.wikimedia.org/wikipedia/commons/thumb/7/79/Oregon_trailposter.jpg/220px-Oregon_trailposter.jpg
20,//upload.wikimedia.org/wikipedia/commons/thumb/0/0f/Le_avventure_di_Pinocchio.jpg/220px-Le_avventure_di_Pinocchio.jpg
21,//upload.wikimedia.org/wikipedia/commons/thumb/5/54/Terang_Boelan_p311.jpg/220px-Terang_Boelan_p311.jpg
22,//upload.wikimedia.org/wikipedia/commons/thumb/d/d1/Kkedo.jpg/220px-Kkedo.jpg
23,//upload.wikimedia.org/wikipedia/commons/thumb/2/20/Harta_Berdarah_poster.jpg/250px-Harta_Berdarah_poster.jpg
24,//upload.wikimedia.org/wikipedia/commons/thumb/1/15/Kedok_Ketawa_ad.jpg/220px-Kedok_Ketawa_ad.jpg
25,//upload.wikimedia.org/wikipedia/commons/thumb/f/f4/Asmara_Moerni_cover.jpg/220px-Asmara_Moerni_cover.jpg
26,//upload.wikimedia.org/wikipedia/commons/thumb/1/1f/14-Bajar-djiwa.jpg/250px-14-Bajar-djiwa.jpg
27,//upload.wikimedia.org/wikipedia/commons/thumb/e/e8/Soeara_Berbisa_ad.jpg/300px-Soeara_Berbisa_ad.jpg
28,//upload.wikimedia.org/wikipedia/commons/thumb/3/3b/Wanita_dan_Satria_cover.jpg/220px-Wanita_dan_Satria_cover.jpg
29,//upload.wikimedia.org/wikipedia/commons/thumb/4/4e/Poster_mega_mendoeng.jpg/220px-Poster_mega_mendoeng.jpg
30,//upload.wikimedia.org/wikipedia/en/thumb/a/ae/TheBetrayal.jpeg/220px-TheBetrayal.jpeg
31,//upload.wikimedia.org/wikipedia/en/thumb/6/6e/Linda1960.jpg/220px-Linda1960.jpg
32,//upload.wikimedia.org/wikipedia/en/thumb/2/25/Bulgasari.png/220px-Bulgasari.png
33,//upload.wikimedia.org/wikipedia/en/thumb/8/89/BatmanFightsDracula.jpg/220px-BatmanFightsDracula.jpg
34,//upload.wikimedia.org/wikipedia/en/thumb/d/d1/Nobody_Ordered_Love_film_frame_%281972%29.png/220px-Nobody_Ordered_Love_film_frame_%281972%29.png
35,//upload.wikimedia.org/wikipedia/en/thumb/5/5d/Prem_parbat.jpg/220px-Prem_parbat.jpg
36,//upload.wikimedia.org/wikipedia/en/thumb/5/58/Kissa_Kursi_Ka_film_poster.jpg/220px-Kissa_Kursi_Ka_film_poster.jpg
37,//upload.wikimedia.org/wikipedia/en/thumb/b/b5/Njattadi.jpg/220px-Njattadi.jpg
38,//upload.wikimedia.org/wikipedia/commons/thumb/4/48/2016_Official_Portrait_of_Our_Lady_of_Solitude_of_Porta_Vaga.jpg/220px-2016_Official_Portrait_of_Our_Lady_of_Solitude_of_Porta_Vaga.jpg
39,//upload.wikimedia.org/wikipedia/en/thumb/9/9e/Roy_del_espacio_%281983%29_poster.jpg/220px-Roy_del_espacio_%281983%29_poster.jpg
